"FGAAA,LECLI,CFAJF",0,0.00,0.00,0.00,0.00,0.00,0.00,0.00,0.00,0.00,0.00,0,0
"ABLLF,FJGHG,ABLBE",0,0.00,0.00,0.00,0.00,0.00,0.00,0.00,0.00,0.00,0.00,0,0
"BBEDB,JDAJG,FCLEJ",0,0.00,0.00,0.00,0.00,0.00,0.00,0.00,0.00,0.00,0.00,0,0
"ABCDF,EFEJJ,LEADB",0,0.00,0.00,0.00,0.00,0.00,0.00,0.00,0.00,0.00,0.00,0,0
"BLAED,AJFBF,GALJJ",0,0.00,0.00,0.00,0.00,0.00,0.00,0.00,0.00,0.00,0.00,0,0
"ELILL,AJDCC,BCABL",0,0.00,0.00,0.00,0.00,0.00,0.00,0.00,0.00,0.00,0.00,0,0
"EILDA,BDFFL,CAIAF",0,0.00,0.00,0.00,0.00,0.00,0.00,0.00,0.00,0.00,0.00,0,0
"AGBDB,ECAAC,BJEDE",0,0.00,0.00,0.00,0.00,0.00,0.00,0.00,0.00,0.00,0.00,0,0
"BJBBF,AGJAG,CBCHB",0,0.00,0.00,0.00,0.00,0.00,0.00,0.00,0.00,0.00,0.00,0,0
"GJCCB,JFGFG,DBAJC",0,0.00,0.00,0.00,0.00,0.00,0.00,0.00,0.00,0.00,0.00,0,0
"LCEJC,GAFHF,IBBFE",0,0.00,0.00,0.00,0.00,0.00,0.00,0.00,0.00,0.00,0.00,0,0
"CJLCI,LACAJ,CIEDA",0,0.00,0.00,0.00,0.00,0.00,0.00,0.00,0.00,0.00,0.00,0,0
"BBJJG,AACBA,JGBJB",0,0.00,0.00,0.00,0.00,0.00,0.00,0.00,0.00,0.00,0.00,0,0
"BAAJJ,IECCF,AJBEG",0,0.00,0.00,0.00,0.00,0.00,0.00,0.00,0.00,0.00,0.00,0,0
"AGALB,EJHAC,LEIBL",0,0.00,0.00,0.00,0.00,0.00,0.00,0.00,0.00,0.00,0.00,0,0
"CFJEA,BACJE,ALBLB",0,0.00,0.00,0.00,0.00,0.00,0.00,0.00,0.00,0.00,0.00,0,0
"JLBAF,BBDDL,ACAJB",0,0.00,0.00,0.00,0.00,0.00,0.00,0.00,0.00,0.00,0.00,0,0
"GHGBA,ABJJF,EAHAA",0,0.00,0.00,0.00,0.00,0.00,0.00,0.00,0.00,0.00,0.00,0,0
"FBGBA,ICADF,CBGED",0,0.00,0.00,0.00,0.00,0.00,0.00,0.00,0.00,0.00,0.00,0,0
"EALAI,JBADH,ELJBJ",0,0.00,0.00,0.00,0.00,0.00,0.00,0.00,0.00,0.00,0.00,0,0
"AJJBF,CFCED,LCACL",0,0.00,0.00,0.00,0.00,0.00,0.00,0.00,0.00,0.00,0.00,0,0
"BJADC,FDJBG,LAFFB",0,0.00,0.00,0.00,0.00,0.00,0.00,0.00,0.00,0.00,0.00,0,0
"ECAFL,DBBAD,AFEBA",0,0.00,0.00,0.00,0.00,0.00,0.00,0.00,0.00,0.00,0.00,0,0
"BJEFG,FAACD,HJCDB",0,0.00,0.00,0.00,0.00,0.00,0.00,0.00,0.00,0.00,0.00,0,0
"ALJED,LJLAF,AIIEC",0,0.00,0.00,0.00,0.00,0.00,0.00,0.00,0.00,0.00,0.00,0,0
"BJIDE,AGCJI,FEFAF",0,0.00,0.00,0.00,0.00,0.00,0.00,0.00,0.00,0.00,0.00,0,0
"EBBBC,LAFDG,GBLAJ",0,0.00,0.00,0.00,0.00,0.00,0.00,0.00,0.00,0.00,0.00,0,0
"CFBGL,FJADD,JBEBH",0,0.00,0.00,0.00,0.00,0.00,0.00,0.00,0.00,0.00,0.00,0,0
"BDADF,DLHFL,JBADC",0,0.00,0.00,0.00,0.00,0.00,0.00,0.00,0.00,0.00,0.00,0,0
"BBHLA,AHAAC,ECBLD",0,0.00,0.00,0.00,0.00,0.00,0.00,0.00,0.00,0.00,0.00,0,0
"BLJBC,CJFEE,EACLD",0,0.00,0.00,0.00,0.00,0.00,0.00,0.00,0.00,0.00,0.00,0,0
"BCGGC,FACBL,CJLAG",0,0.00,0.00,0.00,0.00,0.00,0.00,0.00,0.00,0.00,0.00,0,0
"AAIBD,JCBAJ,BJCED",0,0.00,0.00,0.00,0.00,0.00,0.00,0.00,0.00,0.00,0.00,0,0
"ALDHL,DELCC,FDAAH",0,0.00,0.00,0.00,0.00,0.00,0.00,0.00,0.00,0.00,0.00,0,0
"CJJDI,BCGJF,CEJAC",0,0.00,0.00,0.00,0.00,0.00,0.00,0.00,0.00,0.00,0.00,0,0
"DJEJH,ABCEA,CEACB",0,0.00,0.00,0.00,0.00,0.00,0.00,0.00,0.00,0.00,0.00,0,0
"DJCJI,CCJCA,AABLC",0,0.00,0.00,0.00,0.00,0.00,0.00,0.00,0.00,0.00,0.00,0,0
"DCCEB,FBEAD,BLHCI",0,0.00,0.00,0.00,0.00,0.00,0.00,0.00,0.00,0.00,0.00,0,0
"BGJBG,JJCCA,CHADE",0,0.00,0.00,0.00,0.00,0.00,0.00,0.00,0.00,0.00,0.00,0,0
"JEGLD,EJAAF,ABGFJ",0,0.00,0.00,0.00,0.00,0.00,0.00,0.00,0.00,0.00,0.00,0,0
"JLACL,BBJEA,ALCBB",0,0.00,0.00,0.00,0.00,0.00,0.00,0.00,0.00,0.00,0.00,0,0
"JLBEL,CDAFF,ALEJH",0,0.00,0.00,0.00,0.00,0.00,0.00,0.00,0.00,0.00,0.00,0,0
"ADBJJ,ECJAI,FBALC",0,0.00,0.00,0.00,0.00,0.00,0.00,0.00,0.00,0.00,0.00,0,0
"BCEBG,IGBFC,JLCAA",0,0.00,0.00,0.00,0.00,0.00,0.00,0.00,0.00,0.00,0.00,0,0
"CBIAI,BAEBJ,GCJGL",0,0.00,0.00,0.00,0.00,0.00,0.00,0.00,0.00,0.00,0.00,0,0
"LAFEE,BBICA,GAFAB",0,0.00,0.00,0.00,0.00,0.00,0.00,0.00,0.00,0.00,0.00,0,0
"AFJJL,CACLE,AJJAB",0,0.00,0.00,0.00,0.00,0.00,0.00,0.00,0.00,0.00,0.00,0,0
"FBAEA,DEBIG,ALDBL",0,0.00,0.00,0.00,0.00,0.00,0.00,0.00,0.00,0.00,0.00,0,0
"LBIAC,JCBGA,DLFBE",0,0.00,0.00,0.00,0.00,0.00,0.00,0.00,0.00,0.00,0.00,0,0
"LEALA,ECBJB,AEEAE",0,0.00,0.00,0.00,0.00,0.00,0.00,0.00,0.00,0.00,0.00,0,0
"CJCDB,ADAJL,GCCDC",0,0.00,0.00,0.00,0.00,0.00,0.00,0.00,0.00,0.00,0.00,0,0
"JIELF,AEAFJ,BAFAE",0,0.00,0.00,0.00,0.00,0.00,0.00,0.00,0.00,0.00,0.00,0,0
"FFJCI,EECLF,ACBJA",0,0.00,0.00,0.00,0.00,0.00,0.00,0.00,0.00,0.00,0.00,0,0
"CDABG,LEFEA,CFJAF",0,0.00,0.00,0.00,0.00,0.00,0.00,0.00,0.00,0.00,0.00,0,0
"ALDHF,CCEAL,AGHBA",0,0.00,0.00,0.00,0.00,0.00,0.00,0.00,0.00,0.00,0.00,0,0
"ECIBL,AAECJ,LCDLA",0,0.00,0.00,0.00,0.00,0.00,0.00,0.00,0.00,0.00,0.00,0,0
"LBJCC,FJAJF,GIHAE",0,0.00,0.00,0.00,0.00,0.00,0.00,0.00,0.00,0.00,0.00,0,0
"BEEJC,AABCB,BCGEF",0,0.00,0.00,0.00,0.00,0.00,0.00,0.00,0.00,0.00,0.00,0,0
"HAAEA,EBDLF,JJAAJ",0,0.00,0.00,0.00,0.00,0.00,0.00,0.00,0.00,0.00,0.00,0,0
"BAJBF,AHLCA,GDEHB",0,0.00,0.00,0.00,0.00,0.00,0.00,0.00,0.00,0.00,0.00,0,0
"CFABC,ABFFL,JDJLG",0,0.00,0.00,0.00,0.00,0.00,0.00,0.00,0.00,0.00,0.00,0,0
"CBACL,EALDD,DIJJE",0,0.00,0.00,0.00,0.00,0.00,0.00,0.00,0.00,0.00,0.00,0,0
"AFJJB,CAFAG,BFCLA",0,0.00,0.00,0.00,0.00,0.00,0.00,0.00,0.00,0.00,0.00,0,0
"JBEAB,CCHCE,DEJDJ",0,0.00,0.00,0.00,0.00,0.00,0.00,0.00,0.00,0.00,0.00,0,0
"EEAAG,ACEJI,JDHIF",0,0.00,0.00,0.00,0.00,0.00,0.00,0.00,0.00,0.00,0.00,0,0
"CECAB,AABCA,HDGBD",0,0.00,0.00,0.00,0.00,0.00,0.00,0.00,0.00,0.00,0.00,0,0
"AGFDG,GBHCH,BIEBG",0,0.00,0.00,0.00,0.00,0.00,0.00,0.00,0.00,0.00,0.00,0,0
"CIAJB,JAFEG,GEALJ",0,0.00,0.00,0.00,0.00,0.00,0.00,0.00,0.00,0.00,0.00,0,0
"BABHJ,EDJCD,ICFLA",0,0.00,0.00,0.00,0.00,0.00,0.00,0.00,0.00,0.00,0.00,0,0
"JAAIJ,BEGJL,LCBLG",0,0.00,0.00,0.00,0.00,0.00,0.00,0.00,0.00,0.00,0.00,0,0
"DAEBC,EFAFL,CECCC",0,0.00,0.00,0.00,0.00,0.00,0.00,0.00,0.00,0.00,0.00,0,0
"DAGCD,FDCDC,JJBFJ",0,0.00,0.00,0.00,0.00,0.00,0.00,0.00,0.00,0.00,0.00,0,0
"IEFGE,GFCCA,EBGEL",0,0.00,0.00,0.00,0.00,0.00,0.00,0.00,0.00,0.00,0.00,0,0
"JLEDF,AJIAL,JICLD",0,0.00,0.00,0.00,0.00,0.00,0.00,0.00,0.00,0.00,0.00,0,0
"CAJIA,JGBFG,AAJAE",0,0.00,0.00,0.00,0.00,0.00,0.00,0.00,0.00,0.00,0.00,0,0
"EBALJ,CFDED,EDCJC",0,0.00,0.00,0.00,0.00,0.00,0.00,0.00,0.00,0.00,0.00,0,0
"EADAA,BBJEL,GJFJB",0,0.00,0.00,0.00,0.00,0.00,0.00,0.00,0.00,0.00,0.00,0,0
"JLBDG,BCEJA,HALLJ",0,0.00,0.00,0.00,0.00,0.00,0.00,0.00,0.00,0.00,0.00,0,0
"CDAJI,AEFBE,CGLAG",0,0.00,0.00,0.00,0.00,0.00,0.00,0.00,0.00,0.00,0.00,0,0
"CJLEA,AECHG,BDAAA",0,0.00,0.00,0.00,0.00,0.00,0.00,0.00,0.00,0.00,0.00,0,0
"EAAIF,AFEBJ,GAGCA",0,0.00,0.00,0.00,0.00,0.00,0.00,0.00,0.00,0.00,0.00,0,0
"CBCAE,DDEFA,JJCJH",0,0.00,0.00,0.00,0.00,0.00,0.00,0.00,0.00,0.00,0.00,0,0
"CALAA,FJDEB,DLAGA",0,0.00,0.00,0.00,0.00,0.00,0.00,0.00,0.00,0.00,0.00,0,0
"LFDCA,FJLJG,DLELJ",0,0.00,0.00,0.00,0.00,0.00,0.00,0.00,0.00,0.00,0.00,0,0
"ABABH,DEGCF,JGAHG",0,0.00,0.00,0.00,0.00,0.00,0.00,0.00,0.00,0.00,0.00,0,0
"AFABC,CCBCJ,JAALA",0,0.00,0.00,0.00,0.00,0.00,0.00,0.00,0.00,0.00,0.00,0,0
"AAEJG,EBFAB,AFGFG",0,0.00,0.00,0.00,0.00,0.00,0.00,0.00,0.00,0.00,0.00,0,0
"AAFCB,JJLJC,BCHHD",0,0.00,0.00,0.00,0.00,0.00,0.00,0.00,0.00,0.00,0.00,0,0
"JAEIB,FLGJL,AEFFC",0,0.00,0.00,0.00,0.00,0.00,0.00,0.00,0.00,0.00,0.00,0,0
"JAAFE,BFGJC,LDAAH",0,0.00,0.00,0.00,0.00,0.00,0.00,0.00,0.00,0.00,0.00,0,0
"EDCEG,BEBJJ,JAJBC",0,0.00,0.00,0.00,0.00,0.00,0.00,0.00,0.00,0.00,0.00,0,0
"ABBEJ,HCJBH,EBCIB",0,0.00,0.00,0.00,0.00,0.00,0.00,0.00,0.00,0.00,0.00,0,0
"CDFFA,BFAAB,JBJBE",0,0.00,0.00,0.00,0.00,0.00,0.00,0.00,0.00,0.00,0.00,0,0
"AJBCG,DCAJL,HDEDA",0,0.00,0.00,0.00,0.00,0.00,0.00,0.00,0.00,0.00,0.00,0,0
"BLGLB,GDLJL,CJFEB",0,0.00,0.00,0.00,0.00,0.00,0.00,0.00,0.00,0.00,0.00,0,0
"JALCG,ADEDE,EJABH",0,0.00,0.00,0.00,0.00,0.00,0.00,0.00,0.00,0.00,0.00,0,0
"JDJAA,CBBBB,AADDF",0,0.00,0.00,0.00,0.00,0.00,0.00,0.00,0.00,0.00,0.00,0,0
"JCFCG,BBEFB,JAFHJ",0,0.00,0.00,0.00,0.00,0.00,0.00,0.00,0.00,0.00,0.00,0,0
"ACBLJ,EIECL,AJFLB",0,0.00,0.00,0.00,0.00,0.00,0.00,0.00,0.00,0.00,0.00,0,0
"LBCBC,AJAFJ,GCCBG",0,0.00,0.00,0.00,0.00,0.00,0.00,0.00,0.00,0.00,0.00,0,0
"GBJFG,LJLGE,ALJJJ",0,0.00,0.00,0.00,0.00,0.00,0.00,0.00,0.00,0.00,0.00,0,0
"DCAII,FAGFB,BJAAD",0,0.00,0.00,0.00,0.00,0.00,0.00,0.00,0.00,0.00,0.00,0,0
"BABLA,CFAGG,GICAJ",0,0.00,0.00,0.00,0.00,0.00,0.00,0.00,0.00,0.00,0.00,0,0
"BDBAA,DJECJ,LACJL",0,0.00,0.00,0.00,0.00,0.00,0.00,0.00,0.00,0.00,0.00,0,0
"BLAEA,FGJIC,AEBLG",0,0.00,0.00,0.00,0.00,0.00,0.00,0.00,0.00,0.00,0.00,0,0
"AEFGJ,JBCCD,BDGAC",0,0.00,0.00,0.00,0.00,0.00,0.00,0.00,0.00,0.00,0.00,0,0
"CACAB,EEFFI,JALEA",0,0.00,0.00,0.00,0.00,0.00,0.00,0.00,0.00,0.00,0.00,0,0
"DFHAB,AADBL,EEAIJ",0,0.00,0.00,0.00,0.00,0.00,0.00,0.00,0.00,0.00,0.00,0,0
"AACEL,LDHAJ,BCBCB",0,0.00,0.00,0.00,0.00,0.00,0.00,0.00,0.00,0.00,0.00,0,0
"ACLJG,IDFFI,BBAGG",0,0.00,0.00,0.00,0.00,0.00,0.00,0.00,0.00,0.00,0.00,0,0
"JJCFC,BDBAA,EECBF",0,0.00,0.00,0.00,0.00,0.00,0.00,0.00,0.00,0.00,0.00,0,0
"LFJLH,FJABJ,DLBCF",0,0.00,0.00,0.00,0.00,0.00,0.00,0.00,0.00,0.00,0.00,0,0
"DELBH,LJICA,JAAJG",0,0.00,0.00,0.00,0.00,0.00,0.00,0.00,0.00,0.00,0.00,0,0
"ALDCL,FBJJC,AJLEJ",0,0.00,0.00,0.00,0.00,0.00,0.00,0.00,0.00,0.00,0.00,0,0
"FALAL,CCHBH,AFLLA",0,0.00,0.00,0.00,0.00,0.00,0.00,0.00,0.00,0.00,0.00,0,0
"BLGGJ,LFADC,ABLAA",0,0.00,0.00,0.00,0.00,0.00,0.00,0.00,0.00,0.00,0.00,0,0
"CCABL,IDBHF,ECALA",0,0.00,0.00,0.00,0.00,0.00,0.00,0.00,0.00,0.00,0.00,0,0
"CDEGH,FEIBD,BJCEC",0,0.00,0.00,0.00,0.00,0.00,0.00,0.00,0.00,0.00,0.00,0,0
"JABHB,ALIJC,JABGE",0,0.00,0.00,0.00,0.00,0.00,0.00,0.00,0.00,0.00,0.00,0,0
"ICBCE,DFEFJ,BCIEL",0,0.00,0.00,0.00,0.00,0.00,0.00,0.00,0.00,0.00,0.00,0,0
"DBDFH,FCLGF,AEAJD",0,0.00,0.00,0.00,0.00,0.00,0.00,0.00,0.00,0.00,0.00,0,0
"DHCBL,IABDI,BJEAA",0,0.00,0.00,0.00,0.00,0.00,0.00,0.00,0.00,0.00,0.00,0,0
"BBJFJ,EHAAB,DLFIA",0,0.00,0.00,0.00,0.00,0.00,0.00,0.00,0.00,0.00,0.00,0,0
"DDGFD,ECEJC,FFABL",0,0.00,0.00,0.00,0.00,0.00,0.00,0.00,0.00,0.00,0.00,0,0
"CLGAH,DAHCB,ADBAD",0,0.00,0.00,0.00,0.00,0.00,0.00,0.00,0.00,0.00,0.00,0,0
"JADJC,LCGCL,BDFFJ",0,0.00,0.00,0.00,0.00,0.00,0.00,0.00,0.00,0.00,0.00,0,0
"ECLFA,LBJJF,ADAHA",0,0.00,0.00,0.00,0.00,0.00,0.00,0.00,0.00,0.00,0.00,0,0
"HDJBG,FFEDD,JBJJC",0,0.00,0.00,0.00,0.00,0.00,0.00,0.00,0.00,0.00,0.00,0,0
"CEAAJ,LBFLF,CEHAL",0,0.00,0.00,0.00,0.00,0.00,0.00,0.00,0.00,0.00,0.00,0,0
"JALEI,CCAFG,HEEBJ",0,0.00,0.00,0.00,0.00,0.00,0.00,0.00,0.00,0.00,0.00,0,0
"GFJAI,DBLFC,AJEBB",0,0.00,0.00,0.00,0.00,0.00,0.00,0.00,0.00,0.00,0.00,0,0
"JGAAJ,BFLEH,ECGLI",0,0.00,0.00,0.00,0.00,0.00,0.00,0.00,0.00,0.00,0.00,0,0
"AAIBB,CILFA,ACELE",0,0.00,0.00,0.00,0.00,0.00,0.00,0.00,0.00,0.00,0.00,0,0
"JJGLH,BEBDI,DJGLF",0,0.00,0.00,0.00,0.00,0.00,0.00,0.00,0.00,0.00,0.00,0,0
"FEBCG,DAJFB,CCFBJ",0,0.00,0.00,0.00,0.00,0.00,0.00,0.00,0.00,0.00,0.00,0,0
"CIECB,AJFEC,CABJF",0,0.00,0.00,0.00,0.00,0.00,0.00,0.00,0.00,0.00,0.00,0,0
"FFIBF,DCBFA,FJADG",0,0.00,0.00,0.00,0.00,0.00,0.00,0.00,0.00,0.00,0.00,0,0
"BAAEJ,JELDF,BLACJ",0,0.00,0.00,0.00,0.00,0.00,0.00,0.00,0.00,0.00,0.00,0,0
"ICGBA,AFLJG,BEABL",0,0.00,0.00,0.00,0.00,0.00,0.00,0.00,0.00,0.00,0.00,0,0
"DFBCA,JBALB,AFEBG",0,0.00,0.00,0.00,0.00,0.00,0.00,0.00,0.00,0.00,0.00,0,0
"CFCAE,JBBFC,FCDJA",0,0.00,0.00,0.00,0.00,0.00,0.00,0.00,0.00,0.00,0.00,0,0
"DBAAG,LFGJI,DJCAC",0,0.00,0.00,0.00,0.00,0.00,0.00,0.00,0.00,0.00,0.00,0,0
"BLDCA,JEIFB,EJAEG",0,0.00,0.00,0.00,0.00,0.00,0.00,0.00,0.00,0.00,0.00,0,0
"CEABE,BAGCB,DJLDC",0,0.00,0.00,0.00,0.00,0.00,0.00,0.00,0.00,0.00,0.00,0,0
"AFABF,GCBAL,AAEJB",0,0.00,0.00,0.00,0.00,0.00,0.00,0.00,0.00,0.00,0.00,0,0
"AAGEF,GCACA,FHLGF",0,0.00,0.00,0.00,0.00,0.00,0.00,0.00,0.00,0.00,0.00,0,0
"CBELB,BFADI,LEHCC",0,0.00,0.00,0.00,0.00,0.00,0.00,0.00,0.00,0.00,0.00,0,0
"EDIFJ,BFLDI,GBBBA",0,0.00,0.00,0.00,0.00,0.00,0.00,0.00,0.00,0.00,0.00,0,0
"GCCDC,AFBGF,DAALG",0,0.00,0.00,0.00,0.00,0.00,0.00,0.00,0.00,0.00,0.00,0,0
"DFCEA,GEEAB,FLACE",0,0.00,0.00,0.00,0.00,0.00,0.00,0.00,0.00,0.00,0.00,0,0
"AJLFE,ECAAB,FFCBC",0,0.00,0.00,0.00,0.00,0.00,0.00,0.00,0.00,0.00,0.00,0,0
"HJAGH,JAEAA,CJHIB",0,0.00,0.00,0.00,0.00,0.00,0.00,0.00,0.00,0.00,0.00,0,0
"AECBE,JADDC,CFELJ",0,0.00,0.00,0.00,0.00,0.00,0.00,0.00,0.00,0.00,0.00,0,0
"JGGEA,ABDLL,EAAAE",0,0.00,0.00,0.00,0.00,0.00,0.00,0.00,0.00,0.00,0.00,0,0
"JJADD,CEGHA,BAHBB",0,0.00,0.00,0.00,0.00,0.00,0.00,0.00,0.00,0.00,0.00,0,0
"FAIHA,DEBBD,FFAJI",0,0.00,0.00,0.00,0.00,0.00,0.00,0.00,0.00,0.00,0.00,0,0
"AAJBC,GIHEF,BJILH",0,0.00,0.00,0.00,0.00,0.00,0.00,0.00,0.00,0.00,0.00,0,0
"FABBC,ICJAH,BJBBI",0,0.00,0.00,0.00,0.00,0.00,0.00,0.00,0.00,0.00,0.00,0,0
"JJAAG,FCGBJ,JALAC",0,0.00,0.00,0.00,0.00,0.00,0.00,0.00,0.00,0.00,0.00,0,0
"DLAAF,JDHLC,AFFFF",0,0.00,0.00,0.00,0.00,0.00,0.00,0.00,0.00,0.00,0.00,0,0
"ACJDF,FFAFC,AABBL",0,0.00,0.00,0.00,0.00,0.00,0.00,0.00,0.00,0.00,0.00,0,0
"HABFG,BEACC,DADAD",0,0.00,0.00,0.00,0.00,0.00,0.00,0.00,0.00,0.00,0.00,0,0
"BBJLG,LFBGF,BEAJB",0,0.00,0.00,0.00,0.00,0.00,0.00,0.00,0.00,0.00,0.00,0,0
"BGBBF,DJCFJ,ACAAF",0,0.00,0.00,0.00,0.00,0.00,0.00,0.00,0.00,0.00,0.00,0,0
"DEGBI,BDEEB,LFADG",0,0.00,0.00,0.00,0.00,0.00,0.00,0.00,0.00,0.00,0.00,0,0
"EBGDF,ACCLH,JDAID",0,0.00,0.00,0.00,0.00,0.00,0.00,0.00,0.00,0.00,0.00,0,0
"CEBCC,EAGAF,LJJEJ",0,0.00,0.00,0.00,0.00,0.00,0.00,0.00,0.00,0.00,0.00,0,0
"FBIDF,EFGEA,BGEFG",0,0.00,0.00,0.00,0.00,0.00,0.00,0.00,0.00,0.00,0.00,0,0
"LLJEA,BEBBI,DHJJA",0,0.00,0.00,0.00,0.00,0.00,0.00,0.00,0.00,0.00,0.00,0,0
"BBJIA,DADFH,CEGLG",0,0.00,0.00,0.00,0.00,0.00,0.00,0.00,0.00,0.00,0.00,0,0
"HBCBB,EJIAL,JDHDH",0,0.00,0.00,0.00,0.00,0.00,0.00,0.00,0.00,0.00,0.00,0,0
"DBHCF,LCAFG,CAFJA",0,0.00,0.00,0.00,0.00,0.00,0.00,0.00,0.00,0.00,0.00,0,0
"ECAEJ,FEJJL,BCBFC",0,0.00,0.00,0.00,0.00,0.00,0.00,0.00,0.00,0.00,0.00,0,0
"BAJHL,EBCFF,BCGAI",0,0.00,0.00,0.00,0.00,0.00,0.00,0.00,0.00,0.00,0.00,0,0
"BEGAD,AIJBE,BAAFD",0,0.00,0.00,0.00,0.00,0.00,0.00,0.00,0.00,0.00,0.00,0,0
"ABGAF,BJBJA,IGHCE",0,0.00,0.00,0.00,0.00,0.00,0.00,0.00,0.00,0.00,0.00,0,0
"FLCCC,EEAEJ,DFBHG",0,0.00,0.00,0.00,0.00,0.00,0.00,0.00,0.00,0.00,0.00,0,0
"DJLCJ,GAEAE,BCAHA",0,0.00,0.00,0.00,0.00,0.00,0.00,0.00,0.00,0.00,0.00,0,0
"JGHCA,BFBDF,EHAEA",0,0.00,0.00,0.00,0.00,0.00,0.00,0.00,0.00,0.00,0.00,0,0
"CDABL,BGHIJ,ALCGA",0,0.00,0.00,0.00,0.00,0.00,0.00,0.00,0.00,0.00,0.00,0,0
"CLHEC,BAAJG,CLEAA",0,0.00,0.00,0.00,0.00,0.00,0.00,0.00,0.00,0.00,0.00,0,0
"BABCE,FFAJJ,CALGC",0,0.00,0.00,0.00,0.00,0.00,0.00,0.00,0.00,0.00,0.00,0,0
"CEIIJ,IAHDE,AHBFF",0,0.00,0.00,0.00,0.00,0.00,0.00,0.00,0.00,0.00,0.00,0,0
"FBBDE,JJCBJ,BEJHH",0,0.00,0.00,0.00,0.00,0.00,0.00,0.00,0.00,0.00,0.00,0,0
"ALCCG,EFLAL,BAAHA",0,0.00,0.00,0.00,0.00,0.00,0.00,0.00,0.00,0.00,0.00,0,0
"LEBBA,EJAIG,FGLFB",0,0.00,0.00,0.00,0.00,0.00,0.00,0.00,0.00,0.00,0.00,0,0
"HJBCG,FBAFE,JLFCA",0,0.00,0.00,0.00,0.00,0.00,0.00,0.00,0.00,0.00,0.00,0,0
"CDJAB,AJLEA,DBCDF",0,0.00,0.00,0.00,0.00,0.00,0.00,0.00,0.00,0.00,0.00,0,0
"GFIBF,JAFEJ,AEJAC",0,0.00,0.00,0.00,0.00,0.00,0.00,0.00,0.00,0.00,0.00,0,0
"AGBHA,FFACC,ACCHB",0,0.00,0.00,0.00,0.00,0.00,0.00,0.00,0.00,0.00,0.00,0,0
"LJJJA,HDCDF,JJIFI",0,0.00,0.00,0.00,0.00,0.00,0.00,0.00,0.00,0.00,0.00,0,0
"BFCIG,AILDF,GEDAG",0,0.00,0.00,0.00,0.00,0.00,0.00,0.00,0.00,0.00,0.00,0,0
"AJFFJ,JDHCA,LACAC",0,0.00,0.00,0.00,0.00,0.00,0.00,0.00,0.00,0.00,0.00,0,0
"EDEBL,AAJJF,JEGFJ",0,0.00,0.00,0.00,0.00,0.00,0.00,0.00,0.00,0.00,0.00,0,0
"EDLAB,DBFDC,FAAGE",0,0.00,0.00,0.00,0.00,0.00,0.00,0.00,0.00,0.00,0.00,0,0
"CHFCE,JEBDC,LJILJ",0,0.00,0.00,0.00,0.00,0.00,0.00,0.00,0.00,0.00,0.00,0,0
"JAICL,ABBEF,EDIJL",0,0.00,0.00,0.00,0.00,0.00,0.00,0.00,0.00,0.00,0.00,0,0
"BEBBG,AJHAA,BFAEB",0,0.00,0.00,0.00,0.00,0.00,0.00,0.00,0.00,0.00,0.00,0,0
"EJEHC,BGAAF,JALFH",0,0.00,0.00,0.00,0.00,0.00,0.00,0.00,0.00,0.00,0.00,0,0
"BBABA,EFGDL,GDIEE",0,0.00,0.00,0.00,0.00,0.00,0.00,0.00,0.00,0.00,0.00,0,0
"IFHFD,LAJBJ,BEHFC",0,0.00,0.00,0.00,0.00,0.00,0.00,0.00,0.00,0.00,0.00,0,0
"LEHAH,DFJHA,JEACI",0,0.00,0.00,0.00,0.00,0.00,0.00,0.00,0.00,0.00,0.00,0,0
"ABFLA,FJGAL,CDFLI",0,0.00,0.00,0.00,0.00,0.00,0.00,0.00,0.00,0.00,0.00,0,0
"FAFAH,DHBCG,BJHBF",0,0.00,0.00,0.00,0.00,0.00,0.00,0.00,0.00,0.00,0.00,0,0
"JCDLC,FAFFB,CDLJA",0,0.00,0.00,0.00,0.00,0.00,0.00,0.00,0.00,0.00,0.00,0,0
"CEJCB,JAILC,CCJIG",0,0.00,0.00,0.00,0.00,0.00,0.00,0.00,0.00,0.00,0.00,0,0
"CFLCH,BDHEJ,CLEJA",0,0.00,0.00,0.00,0.00,0.00,0.00,0.00,0.00,0.00,0.00,0,0
"BIILG,AAJDD,JLGCE",0,0.00,0.00,0.00,0.00,0.00,0.00,0.00,0.00,0.00,0.00,0,0
"BAEJC,EGBIB,AEGAL",0,0.00,0.00,0.00,0.00,0.00,0.00,0.00,0.00,0.00,0.00,0,0
"GBAJA,JFCLJ,ABEDI",0,0.00,0.00,0.00,0.00,0.00,0.00,0.00,0.00,0.00,0.00,0,0
"DDAHA,CJBLC,AGEBB",0,0.00,0.00,0.00,0.00,0.00,0.00,0.00,0.00,0.00,0.00,0,0
"CCFLI,DEGCC,BJLEI",0,0.00,0.00,0.00,0.00,0.00,0.00,0.00,0.00,0.00,0.00,0,0
"FJHEG,CEJJL,JLBHI",0,0.00,0.00,0.00,0.00,0.00,0.00,0.00,0.00,0.00,0.00,0,0
"JCDJD,ADABG,HEEDA",0,0.00,0.00,0.00,0.00,0.00,0.00,0.00,0.00,0.00,0.00,0,0
"DLBAF,ICLFB,BABGJ",0,0.00,0.00,0.00,0.00,0.00,0.00,0.00,0.00,0.00,0.00,0,0
"BJELG,JBADA,CAGLB",0,0.00,0.00,0.00,0.00,0.00,0.00,0.00,0.00,0.00,0.00,0,0
"FABGH,BJJBL,DELFE",0,0.00,0.00,0.00,0.00,0.00,0.00,0.00,0.00,0.00,0.00,0,0
"LECBL,IBALE,BADDC",0,0.00,0.00,0.00,0.00,0.00,0.00,0.00,0.00,0.00,0.00,0,0
"CFJBF,AELAG,CCEDL",0,0.00,0.00,0.00,0.00,0.00,0.00,0.00,0.00,0.00,0.00,0,0
"CEELB,JBIAF,HCLEL",0,0.00,0.00,0.00,0.00,0.00,0.00,0.00,0.00,0.00,0.00,0,0
"BEECA,AACEG,JJAFL",0,0.00,0.00,0.00,0.00,0.00,0.00,0.00,0.00,0.00,0.00,0,0
"ADELA,JAJCJ,DLIBA",0,0.00,0.00,0.00,0.00,0.00,0.00,0.00,0.00,0.00,0.00,0,0
"AAILJ,HCBCH,ALJGB",0,0.00,0.00,0.00,0.00,0.00,0.00,0.00,0.00,0.00,0.00,0,0
"GCABA,FFBCF,JLJAC",0,0.00,0.00,0.00,0.00,0.00,0.00,0.00,0.00,0.00,0.00,0,0
"BJAJA,FABLI,JJHJE",0,0.00,0.00,0.00,0.00,0.00,0.00,0.00,0.00,0.00,0.00,0,0
"FJEEH,CDABF,DEHHH",0,0.00,0.00,0.00,0.00,0.00,0.00,0.00,0.00,0.00,0.00,0,0
"BAGEJ,DELFB,AGAEF",0,0.00,0.00,0.00,0.00,0.00,0.00,0.00,0.00,0.00,0.00,0,0
"BGBDL,DAGAG,ELABJ",0,0.00,0.00,0.00,0.00,0.00,0.00,0.00,0.00,0.00,0.00,0,0
"IALEL,JCEAB,AJACD",0,0.00,0.00,0.00,0.00,0.00,0.00,0.00,0.00,0.00,0.00,0,0
"JCAAL,AJBFH,BAGJA",0,0.00,0.00,0.00,0.00,0.00,0.00,0.00,0.00,0.00,0.00,0,0
"DLJGJ,ACEAG,JADGF",0,0.00,0.00,0.00,0.00,0.00,0.00,0.00,0.00,0.00,0.00,0,0
"GJFCI,IAEAJ,JCBED",0,0.00,0.00,0.00,0.00,0.00,0.00,0.00,0.00,0.00,0.00,0,0
"FAGAB,DHBDE,JJGHD",0,0.00,0.00,0.00,0.00,0.00,0.00,0.00,0.00,0.00,0.00,0,0
"JAAJA,LCJBD,JBALI",0,0.00,0.00,0.00,0.00,0.00,0.00,0.00,0.00,0.00,0.00,0,0
"ALEJD,FBDIJ,BIAAI",0,0.00,0.00,0.00,0.00,0.00,0.00,0.00,0.00,0.00,0.00,0,0
"BLJLD,HDACB,GEHEA",0,0.00,0.00,0.00,0.00,0.00,0.00,0.00,0.00,0.00,0.00,0,0
"CJAFA,JBHCB,ECAJF",0,0.00,0.00,0.00,0.00,0.00,0.00,0.00,0.00,0.00,0.00,0,0
"BAALA,DJDDI,GAEAB",0,0.00,0.00,0.00,0.00,0.00,0.00,0.00,0.00,0.00,0.00,0,0
"JBAED,AGBBG,JADAD",0,0.00,0.00,0.00,0.00,0.00,0.00,0.00,0.00,0.00,0.00,0,0
"AEICA,LJDEJ,FALAB",0,0.00,0.00,0.00,0.00,0.00,0.00,0.00,0.00,0.00,0.00,0,0
"HCACA,AFGGD,HALLL",0,0.00,0.00,0.00,0.00,0.00,0.00,0.00,0.00,0.00,0.00,0,0
"JJLLA,DFAAB,EBJEA",0,0.00,0.00,0.00,0.00,0.00,0.00,0.00,0.00,0.00,0.00,0,0
"EADFI,LCAHJ,BJFBF",0,0.00,0.00,0.00,0.00,0.00,0.00,0.00,0.00,0.00,0.00,0,0
"FBLLA,BJIBC,JLCDL",0,0.00,0.00,0.00,0.00,0.00,0.00,0.00,0.00,0.00,0.00,0,0
"ECGAH,AADCG,IFILD",0,0.00,0.00,0.00,0.00,0.00,0.00,0.00,0.00,0.00,0.00,0,0
"LBGJF,EAJAL,AEELF",0,0.00,0.00,0.00,0.00,0.00,0.00,0.00,0.00,0.00,0.00,0,0
"GIEFL,ABGDF,EAEBL",0,0.00,0.00,0.00,0.00,0.00,0.00,0.00,0.00,0.00,0.00,0,0
"CFAGA,ABJCC,BGEGE",0,0.00,0.00,0.00,0.00,0.00,0.00,0.00,0.00,0.00,0.00,0,0
"LACBL,ABFFG,JECJB",0,0.00,0.00,0.00,0.00,0.00,0.00,0.00,0.00,0.00,0.00,0,0
"CAAAA,DEEDH,BAABB",0,0.00,0.00,0.00,0.00,0.00,0.00,0.00,0.00,0.00,0.00,0,0
"CCAGI,BAFAA,CLEFF",0,0.00,0.00,0.00,0.00,0.00,0.00,0.00,0.00,0.00,0.00,0,0
"JFIAJ,CLGCH,EDBBA",0,0.00,0.00,0.00,0.00,0.00,0.00,0.00,0.00,0.00,0.00,0,0
"LJFGG,GCJIA,CJABI",0,0.00,0.00,0.00,0.00,0.00,0.00,0.00,0.00,0.00,0.00,0,0
"CAEAC,ADJEA,BBECL",0,0.00,0.00,0.00,0.00,0.00,0.00,0.00,0.00,0.00,0.00,0,0
"JAABB,FEDLL,ALJCG",0,0.00,0.00,0.00,0.00,0.00,0.00,0.00,0.00,0.00,0.00,0,0
"FECBG,BJLCD,JCABH",0,0.00,0.00,0.00,0.00,0.00,0.00,0.00,0.00,0.00,0.00,0,0
"BAJBI,AJELA,CFLCE",0,0.00,0.00,0.00,0.00,0.00,0.00,0.00,0.00,0.00,0.00,0,0
"FDHFH,JBBAJ,DFHJG",0,0.00,0.00,0.00,0.00,0.00,0.00,0.00,0.00,0.00,0.00,0,0
"JGAAD,EBJDJ,JJBEC",0,0.00,0.00,0.00,0.00,0.00,0.00,0.00,0.00,0.00,0.00,0,0
"JJAGA,CAHBF,BJCDB",0,0.00,0.00,0.00,0.00,0.00,0.00,0.00,0.00,0.00,0.00,0,0
"AAEEJ,LCBCA,BFAFB",0,0.00,0.00,0.00,0.00,0.00,0.00,0.00,0.00,0.00,0.00,0,0
"AEBBA,LBADC,CABAJ",0,0.00,0.00,0.00,0.00,0.00,0.00,0.00,0.00,0.00,0.00,0,0
"AJAAE,IBCEA,BAJBG",0,0.00,0.00,0.00,0.00,0.00,0.00,0.00,0.00,0.00,0.00,0,0
"EGEJF,DJJCD,ACAAA",0,0.00,0.00,0.00,0.00,0.00,0.00,0.00,0.00,0.00,0.00,0,0
"JGBCA,BAIAC,FEJIA",0,0.00,0.00,0.00,0.00,0.00,0.00,0.00,0.00,0.00,0.00,0,0
"AIEJC,LFABB,FBBEE",0,0.00,0.00,0.00,0.00,0.00,0.00,0.00,0.00,0.00,0.00,0,0
"BBFLA,GAAAL,BJJBJ",0,0.00,0.00,0.00,0.00,0.00,0.00,0.00,0.00,0.00,0.00,0,0
"HDBDB,GIEFJ,ACABE",0,0.00,0.00,0.00,0.00,0.00,0.00,0.00,0.00,0.00,0.00,0,0
"GCLAE,JFEEC,GCLBG",0,0.00,0.00,0.00,0.00,0.00,0.00,0.00,0.00,0.00,0.00,0,0
"ECAAG,AEDEA,JBFGG",0,0.00,0.00,0.00,0.00,0.00,0.00,0.00,0.00,0.00,0.00,0,0
"BJFJF,EIBGA,CLJDC",0,0.00,0.00,0.00,0.00,0.00,0.00,0.00,0.00,0.00,0.00,0,0
"JJFLC,FFAAF,JAGJD",0,0.00,0.00,0.00,0.00,0.00,0.00,0.00,0.00,0.00,0.00,0,0
"JJGEH,ABJDL,JACIJ",0,0.00,0.00,0.00,0.00,0.00,0.00,0.00,0.00,0.00,0.00,0,0
"FAJLH,DJABF,ALEHJ",0,0.00,0.00,0.00,0.00,0.00,0.00,0.00,0.00,0.00,0.00,0,0
"BFLEA,DJEBG,JAALD",0,0.00,0.00,0.00,0.00,0.00,0.00,0.00,0.00,0.00,0.00,0,0
"FDJBL,HFACA,CAJDB",0,0.00,0.00,0.00,0.00,0.00,0.00,0.00,0.00,0.00,0.00,0,0
"BBADG,JCHBD,AAIJE",0,0.00,0.00,0.00,0.00,0.00,0.00,0.00,0.00,0.00,0.00,0,0
"ACIBD,CBCJJ,AABAC",0,0.00,0.00,0.00,0.00,0.00,0.00,0.00,0.00,0.00,0.00,0,0
"FLCHB,DBHBH,HCBJG",0,0.00,0.00,0.00,0.00,0.00,0.00,0.00,0.00,0.00,0.00,0,0
"DAACA,JBBDI,CLILC",0,0.00,0.00,0.00,0.00,0.00,0.00,0.00,0.00,0.00,0.00,0,0
"CLGJF,DBLBA,EAAAB",0,0.00,0.00,0.00,0.00,0.00,0.00,0.00,0.00,0.00,0.00,0,0
"DLAHE,AEBEG,BLECI",0,0.00,0.00,0.00,0.00,0.00,0.00,0.00,0.00,0.00,0.00,0,0
"BLHJE,AELHJ,BADCE",0,0.00,0.00,0.00,0.00,0.00,0.00,0.00,0.00,0.00,0.00,0,0
"FAEBG,LBJAJ,BJHJF",0,0.00,0.00,0.00,0.00,0.00,0.00,0.00,0.00,0.00,0.00,0,0
"AABAG,LJJBF,EAEAC",0,0.00,0.00,0.00,0.00,0.00,0.00,0.00,0.00,0.00,0.00,0,0
"EACJG,AJEDB,CABBG",0,0.00,0.00,0.00,0.00,0.00,0.00,0.00,0.00,0.00,0.00,0,0
"CFBLJ,LAJAA,GFFLB",0,0.00,0.00,0.00,0.00,0.00,0.00,0.00,0.00,0.00,0.00,0,0
"JEGEJ,BLJBB,CDAJA",0,0.00,0.00,0.00,0.00,0.00,0.00,0.00,0.00,0.00,0.00,0,0
"JLAAA,BCCLJ,AAJAB",0,0.00,0.00,0.00,0.00,0.00,0.00,0.00,0.00,0.00,0.00,0,0
"EBILE,AAFBB,JCLGD",0,0.00,0.00,0.00,0.00,0.00,0.00,0.00,0.00,0.00,0.00,0,0
"ELJFA,JJBEH,BLACF",0,0.00,0.00,0.00,0.00,0.00,0.00,0.00,0.00,0.00,0.00,0,0
"ABGAE,CEDFB,AAJLC",0,0.00,0.00,0.00,0.00,0.00,0.00,0.00,0.00,0.00,0.00,0,0
"JEBLC,BFAJF,JGGBB",0,0.00,0.00,0.00,0.00,0.00,0.00,0.00,0.00,0.00,0.00,0,0
"AGHBB,FCCIA,JJDBE",0,0.00,0.00,0.00,0.00,0.00,0.00,0.00,0.00,0.00,0.00,0,0
"JABEB,FHEHG,BGCDA",0,0.00,0.00,0.00,0.00,0.00,0.00,0.00,0.00,0.00,0.00,0,0
"EJAAD,IGGEJ,DAIAA",0,0.00,0.00,0.00,0.00,0.00,0.00,0.00,0.00,0.00,0.00,0,0
"ACCAE,LAFDF,CJCGC",0,0.00,0.00,0.00,0.00,0.00,0.00,0.00,0.00,0.00,0.00,0,0
"ALFLA,CHADF,JJELD",0,0.00,0.00,0.00,0.00,0.00,0.00,0.00,0.00,0.00,0.00,0,0
"ABBIB,EDCDA,GEALL",0,0.00,0.00,0.00,0.00,0.00,0.00,0.00,0.00,0.00,0.00,0,0
"BLACE,ACBDF,CAIEL",0,0.00,0.00,0.00,0.00,0.00,0.00,0.00,0.00,0.00,0.00,0,0
"JEDJD,FCCFF,BEJJB",0,0.00,0.00,0.00,0.00,0.00,0.00,0.00,0.00,0.00,0.00,0,0
"FFCJC,ACAAJ,BAFDF",0,0.00,0.00,0.00,0.00,0.00,0.00,0.00,0.00,0.00,0.00,0,0
"ABFLE,LDBDJ,JJCFF",0,0.00,0.00,0.00,0.00,0.00,0.00,0.00,0.00,0.00,0.00,0,0
"FHJEI,JCCFD,BALBI",0,0.00,0.00,0.00,0.00,0.00,0.00,0.00,0.00,0.00,0.00,0,0
"DLGLB,ABFCJ,LLJLH",0,0.00,0.00,0.00,0.00,0.00,0.00,0.00,0.00,0.00,0.00,0,0
"FECFG,CDAJE,ABEFF",0,0.00,0.00,0.00,0.00,0.00,0.00,0.00,0.00,0.00,0.00,0,0
"BCDDA,ABABB,BCHDF",0,0.00,0.00,0.00,0.00,0.00,0.00,0.00,0.00,0.00,0.00,0,0
"CAFBL,ABAEI,FDJCH",0,0.00,0.00,0.00,0.00,0.00,0.00,0.00,0.00,0.00,0.00,0,0
"EFGDG,DALAA,BCFFD",0,0.00,0.00,0.00,0.00,0.00,0.00,0.00,0.00,0.00,0.00,0,0
"AELLB,GDDCA,JLELI",0,0.00,0.00,0.00,0.00,0.00,0.00,0.00,0.00,0.00,0.00,0,0
"FBHJC,AAECG,GCJDL",0,0.00,0.00,0.00,0.00,0.00,0.00,0.00,0.00,0.00,0.00,0,0
"AEDLA,JAGHF,BJJAI",0,0.00,0.00,0.00,0.00,0.00,0.00,0.00,0.00,0.00,0.00,0,0
"LAHCA,ADGGF,EBJJJ",0,0.00,0.00,0.00,0.00,0.00,0.00,0.00,0.00,0.00,0.00,0,0
"GFAGH,IEHCF,JDJJE",0,0.00,0.00,0.00,0.00,0.00,0.00,0.00,0.00,0.00,0.00,0,0
"BDBCJ,EJDDL,AFAFC",0,0.00,0.00,0.00,0.00,0.00,0.00,0.00,0.00,0.00,0.00,0,0
"GAHBI,LJCAJ,AAFCC",0,0.00,0.00,0.00,0.00,0.00,0.00,0.00,0.00,0.00,0.00,0,0
"BGAJA,FEDGC,DAGLL",0,0.00,0.00,0.00,0.00,0.00,0.00,0.00,0.00,0.00,0.00,0,0
"JJBCJ,EDAAL,BCCHA",0,0.00,0.00,0.00,0.00,0.00,0.00,0.00,0.00,0.00,0.00,0,0
"ABJLC,CJBBA,ACJJE",0,0.00,0.00,0.00,0.00,0.00,0.00,0.00,0.00,0.00,0.00,0,0
"JEGJL,ELHAH,CCEIA",0,0.00,0.00,0.00,0.00,0.00,0.00,0.00,0.00,0.00,0.00,0,0
"BALJL,AJJED,BAFJC",0,0.00,0.00,0.00,0.00,0.00,0.00,0.00,0.00,0.00,0.00,0,0
"BDHEG,DFJBD,JBEDA",0,0.00,0.00,0.00,0.00,0.00,0.00,0.00,0.00,0.00,0.00,0,0
"HEHBF,BJLEA,CLBFC",0,0.00,0.00,0.00,0.00,0.00,0.00,0.00,0.00,0.00,0.00,0,0
"JDJBB,AGLGG,BCGIJ",0,0.00,0.00,0.00,0.00,0.00,0.00,0.00,0.00,0.00,0.00,0,0
"JCGEG,CIBAB,ADILL",0,0.00,0.00,0.00,0.00,0.00,0.00,0.00,0.00,0.00,0.00,0,0
"BCCLG,AAJAE,EBELB",0,0.00,0.00,0.00,0.00,0.00,0.00,0.00,0.00,0.00,0.00,0,0
"FBJCG,BCAJJ,DADFB",0,0.00,0.00,0.00,0.00,0.00,0.00,0.00,0.00,0.00,0.00,0,0
"JJGFL,CHLLA,ACCEG",0,0.00,0.00,0.00,0.00,0.00,0.00,0.00,0.00,0.00,0.00,0,0
"EGCJD,LBAFA,FJHAC",0,0.00,0.00,0.00,0.00,0.00,0.00,0.00,0.00,0.00,0.00,0,0
"AABEJ,IBLLD,EFIDH",0,0.00,0.00,0.00,0.00,0.00,0.00,0.00,0.00,0.00,0.00,0,0
"JAIDA,CBHLJ,ADECF",0,0.00,0.00,0.00,0.00,0.00,0.00,0.00,0.00,0.00,0.00,0,0
"CCEAA,IBJBC,EACCA",0,0.00,0.00,0.00,0.00,0.00,0.00,0.00,0.00,0.00,0.00,0,0
"CCJCG,BEEJB,CGCAL",0,0.00,0.00,0.00,0.00,0.00,0.00,0.00,0.00,0.00,0.00,0,0
"ADEFJ,EBABA,AEJAE",0,0.00,0.00,0.00,0.00,0.00,0.00,0.00,0.00,0.00,0.00,0,0
"BCIBG,AJHAF,EDJFA",0,0.00,0.00,0.00,0.00,0.00,0.00,0.00,0.00,0.00,0.00,0,0
"CAEFB,ADLLF,JCHCG",0,0.00,0.00,0.00,0.00,0.00,0.00,0.00,0.00,0.00,0.00,0,0
"FJLLF,AHDBL,FALLA",0,0.00,0.00,0.00,0.00,0.00,0.00,0.00,0.00,0.00,0.00,0,0
"JEABD,HCGFG,AEIBJ",0,0.00,0.00,0.00,0.00,0.00,0.00,0.00,0.00,0.00,0.00,0,0
"CHBAH,FJIDA,BADJF",0,0.00,0.00,0.00,0.00,0.00,0.00,0.00,0.00,0.00,0.00,0,0
"JEACL,ALJEH,FABLA",0,0.00,0.00,0.00,0.00,0.00,0.00,0.00,0.00,0.00,0.00,0,0
"DGJBE,ABFEC,DABGF",0,0.00,0.00,0.00,0.00,0.00,0.00,0.00,0.00,0.00,0.00,0,0
"LEHCB,ABEDH,LEJJG",0,0.00,0.00,0.00,0.00,0.00,0.00,0.00,0.00,0.00,0.00,0,0
"ABDCG,CFEBD,BBALL",0,0.00,0.00,0.00,0.00,0.00,0.00,0.00,0.00,0.00,0.00,0,0
"JBACF,LAEBA,EJBAF",0,0.00,0.00,0.00,0.00,0.00,0.00,0.00,0.00,0.00,0.00,0,0
"AABEA,JCCCG,HFBJB",0,0.00,0.00,0.00,0.00,0.00,0.00,0.00,0.00,0.00,0.00,0,0
"JJBDD,LAJJL,BHBDD",0,0.00,0.00,0.00,0.00,0.00,0.00,0.00,0.00,0.00,0.00,0,0
"CEGBE,AJAFH,DDCJB",0,0.00,0.00,0.00,0.00,0.00,0.00,0.00,0.00,0.00,0.00,0,0
"LAJEF,CCAFH,HJBCJ",0,0.00,0.00,0.00,0.00,0.00,0.00,0.00,0.00,0.00,0.00,0,0
"FAEGI,EDBDE,BBEAF",0,0.00,0.00,0.00,0.00,0.00,0.00,0.00,0.00,0.00,0.00,0,0
"IELLE,ADEAA,BLCII",0,0.00,0.00,0.00,0.00,0.00,0.00,0.00,0.00,0.00,0.00,0,0
"ABCAB,FGLGF,DFJEB",0,0.00,0.00,0.00,0.00,0.00,0.00,0.00,0.00,0.00,0.00,0,0
"ABJGD,BDFCB,EEBHJ",0,0.00,0.00,0.00,0.00,0.00,0.00,0.00,0.00,0.00,0.00,0,0
"AAIBA,CGAFI,HJCLL",0,0.00,0.00,0.00,0.00,0.00,0.00,0.00,0.00,0.00,0.00,0,0
"AGLBE,FFAHA,DAELF",0,0.00,0.00,0.00,0.00,0.00,0.00,0.00,0.00,0.00,0.00,0,0
"ALHEF,JABBH,CFEEA",0,0.00,0.00,0.00,0.00,0.00,0.00,0.00,0.00,0.00,0.00,0,0
"DFIDJ,AIAEE,ECLJH",0,0.00,0.00,0.00,0.00,0.00,0.00,0.00,0.00,0.00,0.00,0,0
"EDHAA,DFLEJ,CDABD",0,0.00,0.00,0.00,0.00,0.00,0.00,0.00,0.00,0.00,0.00,0,0
"CACBA,ADFJL,DAELG",0,0.00,0.00,0.00,0.00,0.00,0.00,0.00,0.00,0.00,0.00,0,0
"DCCIG,BDBGL,CJJIJ",0,0.00,0.00,0.00,0.00,0.00,0.00,0.00,0.00,0.00,0.00,0,0
"LCADJ,AJGLB,ELFAH",0,0.00,0.00,0.00,0.00,0.00,0.00,0.00,0.00,0.00,0.00,0,0
"JHGGA,AGDCE,FHCAA",0,0.00,0.00,0.00,0.00,0.00,0.00,0.00,0.00,0.00,0.00,0,0
"JBAGL,BLECC,CADFJ",0,0.00,0.00,0.00,0.00,0.00,0.00,0.00,0.00,0.00,0.00,0,0
"JAAEB,CGGBL,JHDCB",0,0.00,0.00,0.00,0.00,0.00,0.00,0.00,0.00,0.00,0.00,0,0
"AJLDF,DCABB,JJCAG",0,0.00,0.00,0.00,0.00,0.00,0.00,0.00,0.00,0.00,0.00,0,0
"CDLGA,ABFBJ,JELCB",0,0.00,0.00,0.00,0.00,0.00,0.00,0.00,0.00,0.00,0.00,0,0
"CBLCH,JACAG,DLFLL",0,0.00,0.00,0.00,0.00,0.00,0.00,0.00,0.00,0.00,0.00,0,0
"BJFJF,AEHDA,DJDFB",0,0.00,0.00,0.00,0.00,0.00,0.00,0.00,0.00,0.00,0.00,0,0
"CEACA,ALEAI,JBGEA",0,0.00,0.00,0.00,0.00,0.00,0.00,0.00,0.00,0.00,0.00,0,0
"DFHAD,FCAGE,GAGJJ",0,0.00,0.00,0.00,0.00,0.00,0.00,0.00,0.00,0.00,0.00,0,0
"AJBAG,LFAJJ,BBCDD",0,0.00,0.00,0.00,0.00,0.00,0.00,0.00,0.00,0.00,0.00,0,0
"EABLG,ABEDB,JAFAI",0,0.00,0.00,0.00,0.00,0.00,0.00,0.00,0.00,0.00,0.00,0,0
"BCBCA,LDGEJ,CBECF",0,0.00,0.00,0.00,0.00,0.00,0.00,0.00,0.00,0.00,0.00,0,0
"ACELL,DJCEF,ADAGE",0,0.00,0.00,0.00,0.00,0.00,0.00,0.00,0.00,0.00,0.00,0,0
"JCFCC,ELBDL,JICFJ",0,0.00,0.00,0.00,0.00,0.00,0.00,0.00,0.00,0.00,0.00,0,0
"EFCHA,CAAAJ,BDJJD",0,0.00,0.00,0.00,0.00,0.00,0.00,0.00,0.00,0.00,0.00,0,0
"IBECF,CGBLB,JLAHE",0,0.00,0.00,0.00,0.00,0.00,0.00,0.00,0.00,0.00,0.00,0,0
"ECLAC,FJBLA,BAAGJ",0,0.00,0.00,0.00,0.00,0.00,0.00,0.00,0.00,0.00,0.00,0,0
"JAACB,CFJDF,BJBFL",0,0.00,0.00,0.00,0.00,0.00,0.00,0.00,0.00,0.00,0.00,0,0
"BBAEE,EGEAA,ABJLI",0,0.00,0.00,0.00,0.00,0.00,0.00,0.00,0.00,0.00,0.00,0,0
"ECAFL,BAEEC,JGJHH",0,0.00,0.00,0.00,0.00,0.00,0.00,0.00,0.00,0.00,0.00,0,0
"CBBHB,LFJAF,EGEJH",0,0.00,0.00,0.00,0.00,0.00,0.00,0.00,0.00,0.00,0.00,0,0
"CLGFF,FJCBC,BEBDJ",0,0.00,0.00,0.00,0.00,0.00,0.00,0.00,0.00,0.00,0.00,0,0
"JBDFI,LDAEL,ACEAG",0,0.00,0.00,0.00,0.00,0.00,0.00,0.00,0.00,0.00,0.00,0,0
"DBGGE,HCJHB,IJCCC",0,0.00,0.00,0.00,0.00,0.00,0.00,0.00,0.00,0.00,0.00,0,0
"FCEDG,EBFAB,ACJJL",0,0.00,0.00,0.00,0.00,0.00,0.00,0.00,0.00,0.00,0.00,0,0
"JBEEB,EAADD,JCEJJ",0,0.00,0.00,0.00,0.00,0.00,0.00,0.00,0.00,0.00,0.00,0,0
"EEHEC,LCALJ,HDEBA",0,0.00,0.00,0.00,0.00,0.00,0.00,0.00,0.00,0.00,0.00,0,0
"BJCGA,JEAFB,DABAE",0,0.00,0.00,0.00,0.00,0.00,0.00,0.00,0.00,0.00,0.00,0,0
"DALBG,AIELJ,BFJJL",0,0.00,0.00,0.00,0.00,0.00,0.00,0.00,0.00,0.00,0.00,0,0
"ALCEC,GJAFJ,CCBJL",0,0.00,0.00,0.00,0.00,0.00,0.00,0.00,0.00,0.00,0.00,0,0
"DAAAA,JEDJL,AIHLC",0,0.00,0.00,0.00,0.00,0.00,0.00,0.00,0.00,0.00,0.00,0,0
"JDEBI,FAAJF,CBJDD",0,0.00,0.00,0.00,0.00,0.00,0.00,0.00,0.00,0.00,0.00,0,0
"CABDA,HDFJB,EAAEE",0,0.00,0.00,0.00,0.00,0.00,0.00,0.00,0.00,0.00,0.00,0,0
"LABED,CJHFG,BCLLL",0,0.00,0.00,0.00,0.00,0.00,0.00,0.00,0.00,0.00,0.00,0,0
"AAIDE,EJEBA,IECEL",0,0.00,0.00,0.00,0.00,0.00,0.00,0.00,0.00,0.00,0.00,0,0
"EJBEA,BFIFE,LBABG",0,0.00,0.00,0.00,0.00,0.00,0.00,0.00,0.00,0.00,0.00,0,0
"CIJJJ,LABEI,DILLF",0,0.00,0.00,0.00,0.00,0.00,0.00,0.00,0.00,0.00,0.00,0,0
"EGHCE,GJLDD,HAABC",0,0.00,0.00,0.00,0.00,0.00,0.00,0.00,0.00,0.00,0.00,0,0
"BEAJF,FACFG,BBDBC",0,0.00,0.00,0.00,0.00,0.00,0.00,0.00,0.00,0.00,0.00,0,0
"ADGJA,BCBDL,ABAFA",0,0.00,0.00,0.00,0.00,0.00,0.00,0.00,0.00,0.00,0.00,0,0
"FLABI,GHFGC,CJGAA",0,0.00,0.00,0.00,0.00,0.00,0.00,0.00,0.00,0.00,0.00,0,0
"BFAAE,LAGEI,JBELJ",0,0.00,0.00,0.00,0.00,0.00,0.00,0.00,0.00,0.00,0.00,0,0
"LCJBJ,CFHLB,JAABH",0,0.00,0.00,0.00,0.00,0.00,0.00,0.00,0.00,0.00,0.00,0,0
"BLAEJ,LABAA,ELHFH",0,0.00,0.00,0.00,0.00,0.00,0.00,0.00,0.00,0.00,0.00,0,0
"CBCDH,AEJHJ,CGELA",0,0.00,0.00,0.00,0.00,0.00,0.00,0.00,0.00,0.00,0.00,0,0
"FICDC,AJBJE,LAFAG",0,0.00,0.00,0.00,0.00,0.00,0.00,0.00,0.00,0.00,0.00,0,0
"FEBLB,CCGAA,AHAHB",0,0.00,0.00,0.00,0.00,0.00,0.00,0.00,0.00,0.00,0.00,0,0
"EEJDI,BCEFF,EGICJ",0,0.00,0.00,0.00,0.00,0.00,0.00,0.00,0.00,0.00,0.00,0,0
"BCGJG,DECLA,ABFEF",0,0.00,0.00,0.00,0.00,0.00,0.00,0.00,0.00,0.00,0.00,0,0
"ALDLH,EAHJB,CCBDF",0,0.00,0.00,0.00,0.00,0.00,0.00,0.00,0.00,0.00,0.00,0,0
"AJABA,ICIJL,BAGEI",0,0.00,0.00,0.00,0.00,0.00,0.00,0.00,0.00,0.00,0.00,0,0
"IJJBF,DEAGC,CLICI",0,0.00,0.00,0.00,0.00,0.00,0.00,0.00,0.00,0.00,0.00,0,0
"FJEGB,DHIID,CJLCB",0,0.00,0.00,0.00,0.00,0.00,0.00,0.00,0.00,0.00,0.00,0,0
"HAIBJ,JEJGA,CBGBJ",0,0.00,0.00,0.00,0.00,0.00,0.00,0.00,0.00,0.00,0.00,0,0
"JLAEF,CFEBC,BABAB",0,0.00,0.00,0.00,0.00,0.00,0.00,0.00,0.00,0.00,0.00,0,0
"ABLLB,LEABA,BJHDB",0,0.00,0.00,0.00,0.00,0.00,0.00,0.00,0.00,0.00,0.00,0,0
"CALCJ,LEFLF,FACCB",0,0.00,0.00,0.00,0.00,0.00,0.00,0.00,0.00,0.00,0.00,0,0
"BBGLI,LFAHC,BDIFG",0,0.00,0.00,0.00,0.00,0.00,0.00,0.00,0.00,0.00,0.00,0,0
"FAFHD,ACCEA,EEJAC",0,0.00,0.00,0.00,0.00,0.00,0.00,0.00,0.00,0.00,0.00,0,0
"CAFDJ,BFLFC,AEGCL",0,0.00,0.00,0.00,0.00,0.00,0.00,0.00,0.00,0.00,0.00,0,0
"EFBDD,ACAAF,EBJLE",0,0.00,0.00,0.00,0.00,0.00,0.00,0.00,0.00,0.00,0.00,0,0
"FBIBA,AEAJC,BAGIF",0,0.00,0.00,0.00,0.00,0.00,0.00,0.00,0.00,0.00,0.00,0,0
"JLBED,EFCDB,JLIGF",0,0.00,0.00,0.00,0.00,0.00,0.00,0.00,0.00,0.00,0.00,0,0
"CLIBA,BCFCF,DAGEB",0,0.00,0.00,0.00,0.00,0.00,0.00,0.00,0.00,0.00,0.00,0,0
"GJBAA,DCELL,BELAD",0,0.00,0.00,0.00,0.00,0.00,0.00,0.00,0.00,0.00,0.00,0,0
"EHGAI,ABLFF,EFAJE",0,0.00,0.00,0.00,0.00,0.00,0.00,0.00,0.00,0.00,0.00,0,0
"AJILF,CGLJJ,JEABF",0,0.00,0.00,0.00,0.00,0.00,0.00,0.00,0.00,0.00,0.00,0,0
"AAHJF,BCEBG,FBADB",0,0.00,0.00,0.00,0.00,0.00,0.00,0.00,0.00,0.00,0.00,0,0
"BCJHA,LDAAB,AFEJJ",0,0.00,0.00,0.00,0.00,0.00,0.00,0.00,0.00,0.00,0.00,0,0
"BDJAJ,LJELE,EFACG",0,0.00,0.00,0.00,0.00,0.00,0.00,0.00,0.00,0.00,0.00,0,0
"AAELA,BJJEH,DAFDE",0,0.00,0.00,0.00,0.00,0.00,0.00,0.00,0.00,0.00,0.00,0,0
"BBABI,LJJJD,CECBJ",0,0.00,0.00,0.00,0.00,0.00,0.00,0.00,0.00,0.00,0.00,0,0
"ADHJE,LEJDG,BLIGB",0,0.00,0.00,0.00,0.00,0.00,0.00,0.00,0.00,0.00,0.00,0,0
"CDAAL,FCJFA,JJGAF",0,0.00,0.00,0.00,0.00,0.00,0.00,0.00,0.00,0.00,0.00,0,0
"CBALA,EAGJD,JEBGC",0,0.00,0.00,0.00,0.00,0.00,0.00,0.00,0.00,0.00,0.00,0,0
"BBCBJ,GEAAL,ADLBC",0,0.00,0.00,0.00,0.00,0.00,0.00,0.00,0.00,0.00,0.00,0,0
"HCEHC,AJAEE,FCFFC",0,0.00,0.00,0.00,0.00,0.00,0.00,0.00,0.00,0.00,0.00,0,0
"CCJJL,AEAEG,GBFGB",0,0.00,0.00,0.00,0.00,0.00,0.00,0.00,0.00,0.00,0.00,0,0
"EGABB,CIECA,ABALC",0,0.00,0.00,0.00,0.00,0.00,0.00,0.00,0.00,0.00,0.00,0,0
"CCFIC,JHCCB,BJBDG",0,0.00,0.00,0.00,0.00,0.00,0.00,0.00,0.00,0.00,0.00,0,0
"BIGBJ,FEIEB,CAEJF",0,0.00,0.00,0.00,0.00,0.00,0.00,0.00,0.00,0.00,0.00,0,0
"AJAJB,JCEEF,FEFAJ",0,0.00,0.00,0.00,0.00,0.00,0.00,0.00,0.00,0.00,0.00,0,0
"DBCBL,AAFDG,FBLEC",0,0.00,0.00,0.00,0.00,0.00,0.00,0.00,0.00,0.00,0.00,0,0
"JLJDH,LABGA,JCAEJ",0,0.00,0.00,0.00,0.00,0.00,0.00,0.00,0.00,0.00,0.00,0,0
"CEJCF,AIAEA,EEJDI",0,0.00,0.00,0.00,0.00,0.00,0.00,0.00,0.00,0.00,0.00,0,0
"JCCLJ,GBGFA,BECDJ",0,0.00,0.00,0.00,0.00,0.00,0.00,0.00,0.00,0.00,0.00,0,0
"BCHAB,AEABC,CBCAE",0,0.00,0.00,0.00,0.00,0.00,0.00,0.00,0.00,0.00,0.00,0,0
"BJJIA,JAACH,DELIG",0,0.00,0.00,0.00,0.00,0.00,0.00,0.00,0.00,0.00,0.00,0,0
"CDBBA,LAHJJ,CJAEF",0,0.00,0.00,0.00,0.00,0.00,0.00,0.00,0.00,0.00,0.00,0,0
"LCEBB,DBHEC,CLDBA",0,0.00,0.00,0.00,0.00,0.00,0.00,0.00,0.00,0.00,0.00,0,0
"LEHGG,JJAEI,ACBAJ",0,0.00,0.00,0.00,0.00,0.00,0.00,0.00,0.00,0.00,0.00,0,0
"DELCA,AJFEC,BAHCL",0,0.00,0.00,0.00,0.00,0.00,0.00,0.00,0.00,0.00,0.00,0,0
"BGBAG,HIACH,CBHDL",0,0.00,0.00,0.00,0.00,0.00,0.00,0.00,0.00,0.00,0.00,0,0
"CBFIC,JDCJA,BBJGF",0,0.00,0.00,0.00,0.00,0.00,0.00,0.00,0.00,0.00,0.00,0,0
"ELFBL,JEALJ,LAJFF",0,0.00,0.00,0.00,0.00,0.00,0.00,0.00,0.00,0.00,0.00,0,0
"CBDBI,EALCB,FIFJF",0,0.00,0.00,0.00,0.00,0.00,0.00,0.00,0.00,0.00,0.00,0,0
"JLALG,HELFB,ACAID",0,0.00,0.00,0.00,0.00,0.00,0.00,0.00,0.00,0.00,0.00,0,0
"AFADA,JECEE,ACLCA",0,0.00,0.00,0.00,0.00,0.00,0.00,0.00,0.00,0.00,0.00,0,0
"JAHJC,IHCLI,BDIAJ",0,0.00,0.00,0.00,0.00,0.00,0.00,0.00,0.00,0.00,0.00,0,0
"BAGJC,LJEAH,ACBJA",0,0.00,0.00,0.00,0.00,0.00,0.00,0.00,0.00,0.00,0.00,0,0
"JFGDC,EAEBL,BEAJD",0,0.00,0.00,0.00,0.00,0.00,0.00,0.00,0.00,0.00,0.00,0,0
"EFHBF,LCGLL,BHADA",0,0.00,0.00,0.00,0.00,0.00,0.00,0.00,0.00,0.00,0.00,0,0
"JFBCB,CJEFJ,JFBAH",0,0.00,0.00,0.00,0.00,0.00,0.00,0.00,0.00,0.00,0.00,0,0
"BJJLB,ABIHJ,IGALD",0,0.00,0.00,0.00,0.00,0.00,0.00,0.00,0.00,0.00,0.00,0,0
"BGGGL,LCAFF,FAFCJ",0,0.00,0.00,0.00,0.00,0.00,0.00,0.00,0.00,0.00,0.00,0,0
"EJALF,CLIAJ,FCABC",0,0.00,0.00,0.00,0.00,0.00,0.00,0.00,0.00,0.00,0.00,0,0
"GCBBF,CJCAD,JLHJA",0,0.00,0.00,0.00,0.00,0.00,0.00,0.00,0.00,0.00,0.00,0,0
"LCAEL,AJHHD,DAJDC",0,0.00,0.00,0.00,0.00,0.00,0.00,0.00,0.00,0.00,0.00,0,0
"AAJLD,LDIAL,AELBA",0,0.00,0.00,0.00,0.00,0.00,0.00,0.00,0.00,0.00,0.00,0,0
"IELAE,CCALI,EAEDB",0,0.00,0.00,0.00,0.00,0.00,0.00,0.00,0.00,0.00,0.00,0,0
"BLGBA,JDEAF,LCFJE",0,0.00,0.00,0.00,0.00,0.00,0.00,0.00,0.00,0.00,0.00,0,0
"DFIBB,FJCAG,ALEIL",0,0.00,0.00,0.00,0.00,0.00,0.00,0.00,0.00,0.00,0.00,0,0
"BLJHL,AEGFB,ECBBG",0,0.00,0.00,0.00,0.00,0.00,0.00,0.00,0.00,0.00,0.00,0,0
"BFJAG,JGLCF,AFBJB",0,0.00,0.00,0.00,0.00,0.00,0.00,0.00,0.00,0.00,0.00,0,0
"FBAEL,EDLDA,CGJLB",0,0.00,0.00,0.00,0.00,0.00,0.00,0.00,0.00,0.00,0.00,0,0
"GABGF,CEJBC,HCCFA",0,0.00,0.00,0.00,0.00,0.00,0.00,0.00,0.00,0.00,0.00,0,0
"CAJLF,AGBAG,JFGCL",0,0.00,0.00,0.00,0.00,0.00,0.00,0.00,0.00,0.00,0.00,0,0
"CLIFA,LAFCC,JLIEA",0,0.00,0.00,0.00,0.00,0.00,0.00,0.00,0.00,0.00,0.00,0,0
"JCIJL,GBACJ,AJGGL",0,0.00,0.00,0.00,0.00,0.00,0.00,0.00,0.00,0.00,0.00,0,0
"AFFJA,BLJCG,EADJD",0,0.00,0.00,0.00,0.00,0.00,0.00,0.00,0.00,0.00,0.00,0,0
"JJHJE,LCGLL,JBHBA",0,0.00,0.00,0.00,0.00,0.00,0.00,0.00,0.00,0.00,0.00,0,0
"JEJJD,FBAFC,LCECL",0,0.00,0.00,0.00,0.00,0.00,0.00,0.00,0.00,0.00,0.00,0,0
"GCADA,AECBL,EABDI",0,0.00,0.00,0.00,0.00,0.00,0.00,0.00,0.00,0.00,0.00,0,0
"CBADJ,AJLFF,BBEAJ",0,0.00,0.00,0.00,0.00,0.00,0.00,0.00,0.00,0.00,0.00,0,0
"LAIDD,JEALG,BBIJH",0,0.00,0.00,0.00,0.00,0.00,0.00,0.00,0.00,0.00,0.00,0,0
"BBDFD,CAEAB,BCCJL",0,0.00,0.00,0.00,0.00,0.00,0.00,0.00,0.00,0.00,0.00,0,0
"LBDAA,JJEFF,AELED",0,0.00,0.00,0.00,0.00,0.00,0.00,0.00,0.00,0.00,0.00,0,0
"BBFGA,GALHD,EGHEL",0,0.00,0.00,0.00,0.00,0.00,0.00,0.00,0.00,0.00,0.00,0,0
"DEAJF,CCHAA,BBEBF",0,0.00,0.00,0.00,0.00,0.00,0.00,0.00,0.00,0.00,0.00,0,0
"JCJHA,AAIJC,HFJFA",0,0.00,0.00,0.00,0.00,0.00,0.00,0.00,0.00,0.00,0.00,0,0
"JLFLD,AIADA,GFCFL",0,0.00,0.00,0.00,0.00,0.00,0.00,0.00,0.00,0.00,0.00,0,0
"JCDFB,DDCAL,GABCJ",0,0.00,0.00,0.00,0.00,0.00,0.00,0.00,0.00,0.00,0.00,0,0
"FBAEL,BGGCF,FCAAA",0,0.00,0.00,0.00,0.00,0.00,0.00,0.00,0.00,0.00,0.00,0,0
"ADCJG,BABHI,CJECB",0,0.00,0.00,0.00,0.00,0.00,0.00,0.00,0.00,0.00,0.00,0,0
"CAACI,DELBF,BCFCC",0,0.00,0.00,0.00,0.00,0.00,0.00,0.00,0.00,0.00,0.00,0,0
"HDGLD,JFDDJ,LJCAL",0,0.00,0.00,0.00,0.00,0.00,0.00,0.00,0.00,0.00,0.00,0,0
"DEAJA,FCLHG,JAJIA",0,0.00,0.00,0.00,0.00,0.00,0.00,0.00,0.00,0.00,0.00,0,0
"EAADA,ADJCD,JEHJJ",0,0.00,0.00,0.00,0.00,0.00,0.00,0.00,0.00,0.00,0.00,0,0
"CDGCI,FBEDA,LCAEC",0,0.00,0.00,0.00,0.00,0.00,0.00,0.00,0.00,0.00,0.00,0,0
